transaction_id,timestamp,customer_id,amount,merchant_category,device_id,city,lat,lon,is_fraud,fraud_pattern
100000,2024-01-01 19:12:44,15,323.01,posto_combustivel,dev_c6a7ee39,Rio de Janeiro,-22.856727443727404,-43.22259805419048,0,none
100001,2024-01-01 23:29:26,17,522.68,supermercado,dev_366eb16f,Rio de Janeiro,-22.88773661273983,-43.200150689761784,0,none
100002,2024-01-02 06:33:46,14,576.93,eletronicos,dev_a748dbcf,Curitiba,-25.468285740239757,-49.23868427790861,0,none
100003,2024-01-02 12:59:12,30,483.43,aposta_online,dev_5cec4eb5,Rio de Janeiro,-22.87456692570528,-43.158555870322445,0,none
100004,2024-01-02 17:12:18,15,182.73,joalheria,dev_c6a7ee39,Rio de Janeiro,-22.925741600644642,-43.21317263723039,0,none
100005,2024-01-03 12:37:09,11,356.08,transferencia_p2p,dev_ccf3a171,Rio de Janeiro,-22.920072311041913,-43.193604180037624,0,none
100006,2024-01-03 13:13:04,30,301.07,restaurante,dev_5cec4eb5,Rio de Janeiro,-22.882797636312777,-43.162778758221364,0,none
100007,2024-01-03 15:29:43,1,43.91,aposta_online,dev_392456de,Rio de Janeiro,-22.91207235319662,-43.22703359332121,0,none
100008,2024-01-03 17:50:04,24,169.9,vestuario,dev_ae270da7,Brasilia,-15.777174303752433,-47.85284986258902,0,none
100009,2024-01-05 11:26:56,18,493.26,posto_combustivel,dev_5ab33edf,Belo Horizonte,-19.930300542572173,-43.940461610267825,0,none
100010,2024-01-05 15:58:53,5,650.64,transporte,dev_cf36d58b,Curitiba,-25.42308898728445,-49.25846517428365,0,none
100011,2024-01-05 23:51:58,6,235.6,aposta_online,dev_27cd8130,Curitiba,-25.445173681664276,-49.228414523511915,0,none
100012,2024-01-06 07:02:08,17,249.14,aposta_online,dev_366eb16f,Rio de Janeiro,-22.89806672896669,-43.23510593354236,0,none
100013,2024-01-06 08:43:59,9,83.36,eletronicos,dev_9e574f7a,Salvador,-13.016709821984653,-38.45712336387454,0,none
100014,2024-01-06 17:13:43,30,246.48,farmacia,dev_5cec4eb5,Rio de Janeiro,-22.894011648085613,-43.16252872764589,0,none
100015,2024-01-06 18:04:56,17,367.02,transporte,dev_366eb16f,Rio de Janeiro,-22.918930222595257,-43.241361447756674,0,none
100016,2024-01-06 18:28:14,8,556.15,viagem,dev_f91e1d4c,Curitiba,-25.39239363785353,-49.30598644248851,0,none
100017,2024-01-06 20:58:51,29,98.95,joalheria,dev_00257ad1,Brasilia,-15.792437097205692,-47.91491389233044,0,none
100018,2024-01-07 07:18:31,12,574.06,joalheria,dev_b3aa7efe,Porto Alegre,-30.079182259405275,-51.26925029156288,0,none
100019,2024-01-07 12:17:35,15,208.83,posto_combustivel,dev_c6a7ee39,Rio de Janeiro,-22.88017499708778,-43.23785739166374,0,none
100020,2024-01-07 12:28:46,1,243.43,cripto_exchange,dev_03c72ba8,Cidade do Mexico,19.43,-99.13,1,account_takeover
100021,2024-01-07 21:53:57,24,163.06,eletronicos,dev_ae270da7,Brasilia,-15.804767904416467,-47.866338212199416,0,none
100022,2024-01-07 22:14:40,8,534.98,farmacia,dev_f91e1d4c,Curitiba,-25.436970637651267,-49.272759609296514,0,none
100023,2024-01-08 04:14:22,9,332.21,transferencia_p2p,dev_9e574f7a,Salvador,-12.99588472048452,-38.49663104354122,1,risky_merchant
100024,2024-01-08 06:13:19,20,842.51,farmacia,dev_ff50bde4,Curitiba,-25.441055286878257,-49.308001565629446,0,none
100025,2024-01-08 10:33:13,28,102.57,viagem,dev_1825bc54,Manaus,-3.1021629016656598,-60.03231752238143,0,none
100026,2024-01-08 13:05:59,8,713.3,streaming,dev_f91e1d4c,Curitiba,-25.409116759557257,-49.28907099361265,0,none
100027,2024-01-08 18:32:18,2,268.99,cripto_exchange,dev_16419f82,Belo Horizonte,-19.92764247648283,-43.949772258935546,0,none
100028,2024-01-09 02:24:35,30,330.48,viagem,dev_b253d218,Cidade do Mexico,19.43,-99.13,1,impossible_travel
100029,2024-01-09 14:22:41,9,68.43,viagem,dev_9e574f7a,Salvador,-12.935633883672793,-38.51688501317856,0,none
100030,2024-01-09 16:01:37,8,849.84,viagem,dev_f91e1d4c,Curitiba,-25.469280916101493,-49.24921590534516,0,none
100031,2024-01-10 08:39:38,10,653.12,viagem,dev_4a15544d,Porto Alegre,-30.02456836286617,-51.20081822027346,0,none
100032,2024-01-10 10:33:23,25,318.53,streaming,dev_5715bd6f,Salvador,-12.99503883469066,-38.5386551387415,0,none
100033,2024-01-10 12:51:48,28,117.54,joalheria,dev_2720797d,Manaus,-3.063052614847546,-60.03670356891812,0,none
100034,2024-01-10 20:51:55,30,350.83,viagem,dev_5cec4eb5,Rio de Janeiro,-22.850071753158726,-43.16639724149201,0,none
100035,2024-01-10 22:56:00,20,319.51,vestuario,dev_ff50bde4,Curitiba,-25.38391859960633,-49.263161961122705,0,none
100036,2024-01-11 06:16:13,29,126.49,posto_combustivel,dev_7c441fe7,Brasilia,-15.779111990088394,-47.8876745241052,0,none
100037,2024-01-11 11:04:38,17,284.09,restaurante,dev_366eb16f,Rio de Janeiro,-22.85584038727709,-43.19303245898618,0,none
100038,2024-01-11 14:12:40,28,64.97,viagem,dev_2720797d,Manaus,-3.1197175393891126,-60.01665219702316,0,none
100039,2024-01-11 17:14:01,13,173.35,vestuario,dev_baa80dd4,Manaus,-3.085003931570582,-59.99086193625178,0,none
100040,2024-01-11 21:01:47,27,325.42,viagem,dev_a8e56e0c,Belo Horizonte,-19.935003965627985,-43.92498559067501,0,none
100041,2024-01-11 22:28:33,26,217.76,aposta_online,dev_f42d47cc,Brasilia,-15.783583127772651,-47.923824195244336,0,none
100042,2024-01-11 23:57:15,25,243.96,joalheria,dev_5715bd6f,Salvador,-12.981926797651127,-38.53611599410406,0,none
100043,2024-01-12 08:19:25,29,212.1,aposta_online,dev_00257ad1,Brasilia,-15.76308354496253,-47.847666060049164,0,none
100044,2024-01-12 13:52:28,14,244.49,vestuario,dev_ece66fa2,Curitiba,-25.430354603452976,-49.2826038512321,0,none
100045,2024-01-12 14:56:28,8,745.18,farmacia,dev_f91e1d4c,Curitiba,-25.40318115295545,-49.286360338010866,0,none
100046,2024-01-12 17:35:05,1,71.76,joalheria,dev_392456de,Rio de Janeiro,-22.948765938511603,-43.20861899302319,0,none
100047,2024-01-12 18:32:47,26,390.23,eletronicos,dev_f42d47cc,Brasilia,-15.791195551956228,-47.8718044455331,0,none
100048,2024-01-12 19:06:48,24,84.33,cripto_exchange,dev_ae270da7,Brasilia,-15.770599883720676,-47.83965759379495,0,none
100049,2024-01-12 20:40:42,28,70.77,aposta_online,dev_2720797d,Manaus,-3.0704322073352155,-60.030228413181135,0,none
100050,2024-01-13 09:55:34,19,1354.58,aposta_online,dev_89fa6a68,Brasilia,-15.774521232928643,-47.87279767602015,1,high_amount
100051,2024-01-13 18:23:50,5,631.68,vestuario,dev_cf36d58b,Curitiba,-25.450094211844757,-49.26908774837749,0,none
100052,2024-01-13 22:58:02,28,51.23,farmacia,dev_2720797d,Manaus,-3.0807712287548528,-60.01332158530094,0,none
100053,2024-01-14 04:07:00,15,2380.03,transferencia_p2p,dev_c6a7ee39,Rio de Janeiro,-22.867632658481163,-43.2127760256184,1,high_amount
100054,2024-01-14 10:06:10,19,138.42,transporte,dev_89fa6a68,Brasilia,-15.82792632629281,-47.89417125540627,0,none
100055,2024-01-14 11:59:47,21,54.32,farmacia,dev_dc713d96,Porto Alegre,-30.063986428878465,-51.22401510475101,0,none
100056,2024-01-14 13:19:55,14,648.06,supermercado,dev_ece66fa2,Curitiba,-25.38378003745025,-49.311301699400644,0,none
100057,2024-01-14 19:14:11,29,229.65,transferencia_p2p,dev_00257ad1,Brasilia,-15.78425942059666,-47.83825299855446,0,none
100058,2024-01-14 21:45:58,22,108.47,transporte,dev_6c12ace8,Recife,-8.067788818025369,-34.935166617433964,0,none
100059,2024-01-15 08:25:31,16,205.37,restaurante,dev_448aaa9e,Belo Horizonte,-19.8888857923725,-43.8950874357642,0,none
100060,2024-01-15 09:47:35,9,97.05,posto_combustivel,dev_9e574f7a,Salvador,-12.998937034519306,-38.515711971220675,0,none
100061,2024-01-15 09:50:25,28,177.7,cripto_exchange,dev_2720797d,Manaus,-3.095587397078032,-60.0515118779458,1,velocity_burst
100062,2024-01-15 09:50:51,28,172.94,posto_combustivel,dev_2720797d,Manaus,-3.1060259577147233,-60.043659919033765,1,velocity_burst
100063,2024-01-15 09:51:31,28,124.47,supermercado,dev_2720797d,Manaus,-3.083253154086543,-60.06142926881601,1,velocity_burst
100064,2024-01-15 09:52:01,28,131.83,streaming,dev_2720797d,Manaus,-3.065920283356975,-59.98815947851347,1,velocity_burst
100065,2024-01-15 09:52:33,28,129.49,cripto_exchange,dev_2720797d,Manaus,-3.126435798051758,-60.040114789099285,1,velocity_burst
100066,2024-01-15 09:53:49,28,107.12,posto_combustivel,dev_63f2ae24,Manaus,-3.1050960263811955,-59.975093851697174,1,velocity_burst
100067,2024-01-15 09:53:55,28,157.27,aposta_online,dev_2720797d,Manaus,-3.0599544938528407,-59.989954966327936,1,velocity_burst
100068,2024-01-15 11:19:06,24,259.57,joalheria,dev_2a45c2ab,Brasilia,-15.782420327158757,-47.83919738489526,0,none
100069,2024-01-15 14:11:37,1,82.28,eletronicos,dev_392456de,Rio de Janeiro,-22.906543624143534,-43.17714549393473,0,none
100070,2024-01-15 15:43:43,14,257.44,joalheria,dev_ece66fa2,Curitiba,-25.439158060814876,-49.29794815644975,0,none
100071,2024-01-15 20:07:41,30,345.35,posto_combustivel,dev_b09b2a5c,Rio de Janeiro,-22.92081384397382,-43.17945883700742,0,none
100072,2024-01-16 07:22:34,20,314.87,streaming,dev_ff50bde4,Curitiba,-25.405245674594322,-49.31873478498342,0,none
100073,2024-01-16 13:13:51,28,90.09,aposta_online,dev_2720797d,Manaus,-3.0889738197380523,-60.02718329387458,0,none
100074,2024-01-16 13:19:07,11,457.85,posto_combustivel,dev_a2bc372f,Rio de Janeiro,-22.898917513051284,-43.208176089378874,0,none
100075,2024-01-16 18:22:27,25,226.95,vestuario,dev_5715bd6f,Salvador,-12.955537943181211,-38.525183297281416,0,none
100076,2024-01-16 20:44:19,15,260.27,aposta_online,dev_9b49bd26,Rio de Janeiro,-22.899952782288207,-43.200620478065495,0,none
100077,2024-01-17 08:58:18,24,175.81,vestuario,dev_ae270da7,Brasilia,-15.82678402022532,-47.87605922410156,0,none
100078,2024-01-17 16:41:04,3,365.02,transporte,dev_3b8faa18,Rio de Janeiro,-22.91554852192973,-43.16220398483496,0,none
100079,2024-01-17 21:15:50,18,259.44,transporte,dev_757750a9,Belo Horizonte,-19.96030691857712,-43.94689488175936,0,none
100080,2024-01-18 06:35:59,22,132.06,posto_combustivel,dev_6c12ace8,Recife,-8.011935254276992,-34.90243003556322,0,none
100081,2024-01-18 08:17:49,29,202.54,transferencia_p2p,dev_00257ad1,Brasilia,-15.76122825942357,-47.90328273369331,0,none
100082,2024-01-18 10:04:33,13,137.56,joalheria,dev_baa80dd4,Manaus,-3.1335883450209354,-60.03488122811733,0,none
100083,2024-01-18 12:52:13,20,495.59,transferencia_p2p,dev_ff50bde4,Curitiba,-25.41677192026296,-49.26031423141154,0,none
100084,2024-01-18 15:20:38,20,367.65,aposta_online,dev_ff50bde4,Curitiba,-25.452236272868088,-49.280176041745605,0,none
100085,2024-01-18 18:29:23,18,296.64,cripto_exchange,dev_757750a9,Belo Horizonte,-19.89577309852347,-43.974547709759015,0,none
100086,2024-01-19 10:34:16,9,44.18,transferencia_p2p,dev_9e574f7a,Salvador,-12.93335521114932,-38.53681967704381,0,none
100087,2024-01-19 15:02:18,25,334.68,aposta_online,dev_5715bd6f,Salvador,-12.975762388813518,-38.52435560245265,0,none
100088,2024-01-19 17:19:21,4,208.42,transporte,dev_b38a088c,Curitiba,-25.435169970336435,-49.310237696887434,0,none
100089,2024-01-19 19:38:43,13,122.92,supermercado,dev_c88a618e,Cidade do Mexico,19.43,-99.13,1,impossible_travel
100090,2024-01-20 08:11:49,20,145.2,cripto_exchange,dev_ff50bde4,Curitiba,-25.413626451671217,-49.26205319102935,0,none
100091,2024-01-20 13:55:10,20,583.18,transferencia_p2p,dev_ff50bde4,Curitiba,-25.46752136381018,-49.24634355282449,0,none
100092,2024-01-20 23:20:25,26,472.73,joalheria,dev_f42d47cc,Brasilia,-15.796251395694942,-47.834657202328394,0,none
100093,2024-01-21 16:59:36,28,76.96,aposta_online,dev_2720797d,Manaus,-3.1340657588107397,-59.97040305889046,0,none
100094,2024-01-21 23:49:59,12,630.45,viagem,dev_b3aa7efe,Porto Alegre,-30.031139429197108,-51.26881322746791,0,none
100095,2024-01-22 08:18:32,24,49.47,cripto_exchange,dev_ae270da7,Brasilia,-15.744800033754752,-47.90651314014733,0,none
100096,2024-01-22 12:10:46,11,6958.99,cripto_exchange,dev_c0e9ab30,Rio de Janeiro,-22.852195847710142,-43.21620494157521,1,high_amount
100097,2024-01-22 21:18:08,18,324.68,posto_combustivel,dev_757750a9,Belo Horizonte,-19.908059002121085,-43.903447776914355,0,none
100098,2024-01-24 11:11:05,26,351.62,joalheria,dev_f42d47cc,Brasilia,-15.815917020814368,-47.838717098397645,0,none
100099,2024-01-24 18:05:49,14,503.56,joalheria,dev_ece66fa2,Curitiba,-25.398689146732163,-49.311796199032685,0,none
100100,2024-01-24 21:33:24,24,126.92,viagem,dev_ae270da7,Brasilia,-15.813971022886008,-47.88537268875944,0,none
100101,2024-01-25 04:02:27,26,756.94,restaurante,dev_c8fe3ccd,Brasilia,-15.75774359671233,-47.91521217492662,1,new_device
100102,2024-01-26 01:15:02,29,494.51,transporte,dev_bc594585,Brasilia,-15.769536605477995,-47.90260225015257,1,new_device
100103,2024-01-26 07:50:12,10,323.85,supermercado,dev_b92da22b,Porto Alegre,-30.02846164107455,-51.18108772977038,0,none
100104,2024-01-26 15:20:18,21,80.06,cripto_exchange,dev_dc713d96,Porto Alegre,-30.07105392794885,-51.22258666468246,0,none
100105,2024-01-26 23:48:50,16,226.41,farmacia,dev_448aaa9e,Belo Horizonte,-19.928996389043398,-43.96670022581402,0,none
100106,2024-01-27 19:39:40,21,31.56,supermercado,dev_dc713d96,Porto Alegre,-30.025442251645273,-51.21580927106987,0,none
100107,2024-01-28 08:02:27,24,337.75,vestuario,dev_ae270da7,Brasilia,-15.833974436868292,-47.840578155466154,0,none
100108,2024-01-28 08:26:26,23,99.11,vestuario,dev_77d21e02,Fortaleza,-3.7737734289416416,-38.48671088306595,0,none
100109,2024-01-28 12:52:34,16,197.07,eletronicos,dev_448aaa9e,Belo Horizonte,-19.90843229655855,-43.931316950142914,0,none
100110,2024-01-28 20:20:21,11,644.38,transferencia_p2p,dev_a2bc372f,Rio de Janeiro,-22.854879588013944,-43.20784351732413,0,none
100111,2024-01-28 21:17:20,14,421.9,eletronicos,dev_ece66fa2,Curitiba,-25.45694057496925,-49.23475774237116,0,none
100112,2024-01-28 22:29:23,1,43.21,supermercado,dev_392456de,Rio de Janeiro,-22.948426823313078,-43.19677875149873,0,none
100113,2024-01-29 09:22:54,16,253.78,viagem,dev_448aaa9e,Belo Horizonte,-19.942143178750502,-43.967384090567215,0,none
100114,2024-01-29 12:09:01,10,218.25,supermercado,dev_14296c07,Porto Alegre,-30.018872602693932,-51.20315106609998,0,none
100115,2024-01-29 15:43:52,23,118.28,restaurante,dev_77d21e02,Fortaleza,-3.7420735977760184,-38.51472985604703,0,none
100116,2024-01-29 19:19:17,17,464.04,supermercado,dev_366eb16f,Rio de Janeiro,-22.907279941770543,-43.2004379212507,0,none
100117,2024-01-30 08:57:02,2,592.35,vestuario,dev_16419f82,Belo Horizonte,-19.942152273603547,-43.941458550084946,0,none
100118,2024-01-30 14:50:50,22,13.31,cripto_exchange,dev_6c12ace8,Recife,-8.045543762128943,-34.88523652765975,0,none
100119,2024-01-30 16:36:38,10,596.07,transferencia_p2p,dev_4a15544d,Porto Alegre,-29.99237416778262,-51.18143044392748,0,none
100120,2024-01-30 18:40:11,15,235.19,posto_combustivel,dev_c6a7ee39,Rio de Janeiro,-22.876261163045385,-43.161690262558075,0,none
100121,2024-01-30 19:41:05,25,400.9,aposta_online,dev_5715bd6f,Salvador,-12.97231932917391,-38.536730020796,0,none
100122,2024-01-30 20:40:16,5,441.9,transporte,dev_cf36d58b,Curitiba,-25.38010914682997,-49.27347467444747,0,none
100123,2024-01-31 11:26:31,3,389.47,transporte,dev_3b8faa18,Rio de Janeiro,-22.859755713448944,-43.23353628785985,0,none
100124,2024-01-31 14:21:20,10,187.27,viagem,dev_4a15544d,Porto Alegre,-30.05687385202718,-51.21060501877009,0,none
100125,2024-01-31 14:25:08,11,418.4,cripto_exchange,dev_a2bc372f,Rio de Janeiro,-22.85709816682945,-43.15642657125552,0,none
100126,2024-01-31 16:01:11,12,726.75,eletronicos,dev_b3aa7efe,Porto Alegre,-30.037903944308994,-51.26863506932134,0,none
100127,2024-01-31 19:11:42,12,664.36,cripto_exchange,dev_b3aa7efe,Porto Alegre,-30.043939624229314,-51.184659632201445,0,none
100128,2024-01-31 19:31:03,17,327.11,posto_combustivel,dev_366eb16f,Rio de Janeiro,-22.857872559702788,-43.16027125280686,0,none
100129,2024-02-01 09:35:48,3,398.75,streaming,dev_3b8faa18,Rio de Janeiro,-22.911962197385343,-43.15914956223762,0,none
100130,2024-02-01 12:12:34,4,140.26,transporte,dev_b38a088c,Curitiba,-25.442145485533306,-49.29501935521179,0,none
100131,2024-02-01 14:49:49,9,81.28,viagem,dev_9e574f7a,Salvador,-12.992540255308247,-38.542251664613524,0,none
100132,2024-02-01 17:18:10,29,277.76,transporte,dev_00257ad1,Brasilia,-15.778832223427404,-47.83127669363685,0,none
100133,2024-02-01 18:31:09,11,476.44,joalheria,dev_a2bc372f,Rio de Janeiro,-22.912482767215376,-43.24244837266682,0,none
100134,2024-02-02 10:21:05,10,543.62,joalheria,dev_4a15544d,Porto Alegre,-30.04897682624482,-51.214394528196394,0,none
100135,2024-02-02 10:40:06,20,323.03,cripto_exchange,dev_ff50bde4,Curitiba,-25.42591768098372,-49.262042619463166,0,none
100136,2024-02-02 13:46:40,12,594.35,transporte,dev_b3aa7efe,Porto Alegre,-30.066451047431933,-51.27932326305745,0,none
100137,2024-02-02 20:54:19,23,78.92,farmacia,dev_77d21e02,Fortaleza,-3.769334673257764,-38.53186357023424,0,none
100138,2024-02-03 02:01:04,19,0.93,streaming,dev_89fa6a68,Brasilia,-15.755272456534685,-47.84911127915118,1,card_testing
100139,2024-02-03 02:01:23,19,2.24,streaming,dev_134c6c92,Brasilia,-15.796684362276132,-47.857556915286935,1,card_testing
100140,2024-02-03 02:01:29,19,2.48,streaming,dev_89fa6a68,Brasilia,-15.76185648941645,-47.895596588021014,1,card_testing
100141,2024-02-03 02:01:31,19,2.18,streaming,dev_89fa6a68,Brasilia,-15.790110839000349,-47.84172214258411,1,card_testing
100142,2024-02-03 02:01:32,19,2.34,streaming,dev_89fa6a68,Brasilia,-15.82005421933334,-47.841534748377505,1,card_testing
100143,2024-02-03 02:01:38,19,1.48,streaming,dev_89fa6a68,Brasilia,-15.818528389402996,-47.911284888628884,1,card_testing
100144,2024-02-03 02:02:34,19,3.64,streaming,dev_89fa6a68,Brasilia,-15.808112243267061,-47.9080979811927,1,card_testing
100145,2024-02-03 17:48:25,5,542.46,vestuario,dev_cf36d58b,Curitiba,-25.4129718356119,-49.30053446981123,0,none
100146,2024-02-04 08:36:23,11,763.79,restaurante,dev_a2bc372f,Rio de Janeiro,-22.94473278509129,-43.22768149390494,0,none
100147,2024-02-04 09:08:05,12,225.19,posto_combustivel,dev_b3aa7efe,Porto Alegre,-30.024525999939115,-51.23919558249168,0,none
100148,2024-02-04 10:04:03,30,546.93,posto_combustivel,dev_5cec4eb5,Rio de Janeiro,-22.867575969867996,-43.15788074710324,0,none
100149,2024-02-04 11:01:21,16,2191.69,aposta_online,dev_7c967f79,Buenos Aires,-34.6,-58.38,1,account_takeover
100150,2024-02-04 21:09:04,10,289.7,posto_combustivel,dev_4a15544d,Porto Alegre,-30.050024774607845,-51.20173333758345,0,none
100151,2024-02-04 23:49:30,21,89.17,transporte,dev_dc713d96,Porto Alegre,-30.02075253809363,-51.247769541701885,0,none
100152,2024-02-05 07:03:35,5,622.58,eletronicos,dev_cf36d58b,Curitiba,-25.394720782420876,-49.309741235321226,0,none
100153,2024-02-05 07:22:32,26,351.46,restaurante,dev_f42d47cc,Brasilia,-15.83623927544289,-47.89312624005102,0,none
100154,2024-02-05 08:41:45,11,4847.15,eletronicos,dev_504867ba,Buenos Aires,-34.6,-58.38,1,account_takeover
100155,2024-02-05 11:37:27,15,83.99,cripto_exchange,dev_edcd465e,Rio de Janeiro,-22.902998960503965,-43.209165190657004,0,none
100156,2024-02-05 15:07:36,18,272.39,cripto_exchange,dev_757750a9,Belo Horizonte,-19.871983946267864,-43.908162253986944,0,none
100157,2024-02-05 23:45:20,5,694.83,streaming,dev_cf36d58b,Curitiba,-25.419444892551432,-49.27698006741764,0,none
100158,2024-02-06 08:24:32,18,389.82,transporte,dev_757750a9,Belo Horizonte,-19.90767584213585,-43.92889568588226,0,none
100159,2024-02-06 09:15:06,22,186.78,streaming,dev_dd59ba71,Miami,25.76,-80.19,1,impossible_travel
100160,2024-02-06 09:53:12,20,484.31,eletronicos,dev_ff50bde4,Curitiba,-25.43977324112196,-49.2491981514289,0,none
100161,2024-02-06 13:19:07,25,359.45,supermercado,dev_5715bd6f,Salvador,-12.940610089136056,-38.504288638336355,0,none
100162,2024-02-06 15:53:37,1,45.93,joalheria,dev_392456de,Rio de Janeiro,-22.90534526069568,-43.201565861444834,0,none
100163,2024-02-06 20:14:34,20,912.27,farmacia,dev_839fbc50,Curitiba,-25.39156297604068,-49.22960256618626,0,none
100164,2024-02-06 21:12:07,20,263.7,posto_combustivel,dev_ff50bde4,Curitiba,-25.38013209692138,-49.27548888072576,0,none
100165,2024-02-07 07:00:19,30,137.39,joalheria,dev_dd2467ac,Rio de Janeiro,-22.916495788630424,-43.204565092184325,0,none
100166,2024-02-07 07:50:57,13,167.09,transferencia_p2p,dev_baa80dd4,Manaus,-3.1387256337396194,-60.02004174587274,0,none
100167,2024-02-07 08:52:54,15,262.52,transferencia_p2p,dev_c6a7ee39,Rio de Janeiro,-22.936082087730366,-43.21971673574893,0,none
100168,2024-02-07 21:36:50,11,597.74,farmacia,dev_a2bc372f,Rio de Janeiro,-22.868350548456707,-43.21070648702606,0,none
100169,2024-02-08 06:16:41,11,596.73,vestuario,dev_a2bc372f,Rio de Janeiro,-22.9381775152196,-43.21931936579964,0,none
100170,2024-02-08 11:10:20,5,166.83,aposta_online,dev_cf36d58b,Curitiba,-25.375909594506847,-49.23050740831789,0,none
100171,2024-02-08 13:19:49,18,353.57,eletronicos,dev_757750a9,Belo Horizonte,-19.92109969204885,-43.94201965767979,0,none
100172,2024-02-08 22:19:42,29,235.21,streaming,dev_00257ad1,Brasilia,-15.810434479747405,-47.91727122009409,0,none
100173,2024-02-09 13:03:15,12,800.7,joalheria,dev_b3aa7efe,Porto Alegre,-30.03140095366834,-51.27307874815316,0,none
100174,2024-02-09 14:23:32,12,682.99,transporte,dev_b3aa7efe,Porto Alegre,-29.981868154315343,-51.233050957797744,0,none
100175,2024-02-09 16:14:21,28,80.99,transferencia_p2p,dev_2720797d,Manaus,-3.0866775333031815,-60.01693951792274,0,none
100176,2024-02-09 20:38:45,10,494.67,streaming,dev_4a15544d,Porto Alegre,-30.044845301622804,-51.27576448371499,0,none
100177,2024-02-10 07:03:37,24,147.64,transporte,dev_ae270da7,Brasilia,-15.786887386472944,-47.92431204202713,0,none
100178,2024-02-10 12:23:20,27,754.83,streaming,dev_e9a1fa6f,Belo Horizonte,-19.94787259016838,-43.975407728689746,0,none
100179,2024-02-10 21:08:46,22,198.19,transporte,dev_6c12ace8,Recife,-8.058143431391867,-34.91117250789945,1,velocity_burst
100180,2024-02-10 21:09:23,22,322.88,joalheria,dev_6c12ace8,Recife,-8.028663071079283,-34.881368188906734,1,velocity_burst
100181,2024-02-10 21:09:46,22,372.14,cripto_exchange,dev_6c12ace8,Recife,-8.015458075575541,-34.86593613054036,1,velocity_burst
100182,2024-02-10 21:09:46,22,306.49,eletronicos,dev_6c12ace8,Recife,-8.025908110843114,-34.877481336289385,1,velocity_burst
100183,2024-02-11 06:40:17,13,133.33,transferencia_p2p,dev_baa80dd4,Manaus,-3.1144188802294153,-59.97588571550293,0,none
100184,2024-02-11 07:18:22,2,506.41,vestuario,dev_16419f82,Belo Horizonte,-19.916883368185125,-43.93340719380841,0,none
100185,2024-02-11 11:31:13,16,216.15,vestuario,dev_448aaa9e,Belo Horizonte,-19.88196800202418,-43.91988162496678,0,none
100186,2024-02-11 15:18:36,6,301.26,eletronicos,dev_23e2fcb4,Curitiba,-25.40207006840767,-49.31047748361857,0,none
100187,2024-02-12 10:02:22,24,134.19,viagem,dev_ae270da7,Brasilia,-15.822491087294829,-47.85208574065217,0,none
100188,2024-02-12 10:40:16,1,45.7,posto_combustivel,dev_392456de,Rio de Janeiro,-22.90723130810193,-43.24903303003917,0,none
100189,2024-02-12 14:07:51,21,89.53,vestuario,dev_dc713d96,Porto Alegre,-30.00566922944804,-51.19053625050449,0,none
100190,2024-02-12 18:51:55,13,154.17,vestuario,dev_baa80dd4,Manaus,-3.0684524529996997,-59.98404915328992,0,none
100191,2024-02-13 07:02:06,26,464.72,cripto_exchange,dev_f42d47cc,Brasilia,-15.747056712465247,-47.91420164850258,0,none
100192,2024-02-13 09:29:04,10,880.73,posto_combustivel,dev_4a15544d,Porto Alegre,-30.007578328792448,-51.182005775721805,0,none
100193,2024-02-13 11:31:44,13,156.71,transporte,dev_93829b43,Manaus,-3.0980724146465057,-59.98988519125982,0,none
100194,2024-02-13 17:00:11,30,185.61,posto_combustivel,dev_5cec4eb5,Rio de Janeiro,-22.875903094088155,-43.1528189681242,0,none
100195,2024-02-13 18:46:10,13,158.89,transporte,dev_885f6e66,Manaus,-3.0965876370467496,-59.97930711374133,0,none
100196,2024-02-13 21:12:14,7,461.19,posto_combustivel,dev_5be6128e,Belo Horizonte,-19.885557161131413,-43.979885923633205,0,none
100197,2024-02-14 07:06:27,24,86.67,farmacia,dev_ae270da7,Brasilia,-15.763099434663454,-47.83451416030854,0,none
100198,2024-02-14 10:17:12,15,325.3,aposta_online,dev_c6a7ee39,Rio de Janeiro,-22.88398023141977,-43.18850767927911,0,none
100199,2024-02-14 17:46:52,7,601.12,cripto_exchange,dev_5be6128e,Belo Horizonte,-19.95535557817223,-43.9702728197176,0,none
100200,2024-02-14 18:08:48,28,54.57,vestuario,dev_2720797d,Manaus,-3.1180884113596843,-60.02335274329594,0,none
100201,2024-02-15 07:25:17,21,70.04,farmacia,dev_01d74256,Porto Alegre,-29.997580891806845,-51.27083265761824,0,none
100202,2024-02-15 12:32:03,8,4458.78,aposta_online,dev_766ecb15,Buenos Aires,-34.6,-58.38,1,account_takeover
100203,2024-02-15 14:50:25,27,232.61,restaurante,dev_0f844fef,Belo Horizonte,-19.92410022544488,-43.96567921058071,0,none
100204,2024-02-15 19:17:40,28,110.13,transferencia_p2p,dev_2720797d,Manaus,-3.08624874621167,-60.033668886934905,0,none
100205,2024-02-16 14:05:23,21,106.79,cripto_exchange,dev_dc713d96,Porto Alegre,-30.017439572583505,-51.20740116365295,0,none
100206,2024-02-16 18:36:02,12,1033.54,joalheria,dev_b3aa7efe,Porto Alegre,-29.985117647073444,-51.24279866215293,0,none
100207,2024-02-17 02:04:50,17,784.28,eletronicos,dev_366eb16f,Rio de Janeiro,-22.871948357037233,-43.19757137829115,1,risky_merchant
100208,2024-02-17 08:34:46,28,60.05,farmacia,dev_2720797d,Manaus,-3.0826328079365424,-60.00970779550109,0,none
100209,2024-02-17 16:43:07,1,61.85,streaming,dev_392456de,Rio de Janeiro,-22.877467578744813,-43.18119563487973,0,none
100210,2024-02-17 18:28:55,14,1.0,streaming,dev_ece66fa2,Curitiba,-25.37358556236193,-49.23254462783091,0,none
100211,2024-02-17 20:29:49,7,492.64,eletronicos,dev_5be6128e,Belo Horizonte,-19.928133917327028,-43.97379418267541,0,none
100212,2024-02-18 10:47:24,5,701.8,vestuario,dev_cf36d58b,Curitiba,-25.469480477763,-49.28917325448637,0,none
100213,2024-02-19 11:59:53,19,332.18,posto_combustivel,dev_db20a56e,Brasilia,-15.808199563170811,-47.85618948988794,1,new_device
100214,2024-02-19 14:59:50,1,24.81,transferencia_p2p,dev_392456de,Rio de Janeiro,-22.880340849639982,-43.17694946825846,0,none
100215,2024-02-19 23:21:24,19,242.07,transferencia_p2p,dev_89fa6a68,Brasilia,-15.771068945881602,-47.92215723089815,0,none
100216,2024-02-20 07:27:01,3,345.67,transporte,dev_3b8faa18,Rio de Janeiro,-22.892424083926315,-43.192660031911416,0,none
100217,2024-02-20 10:38:45,22,178.35,restaurante,dev_6c12ace8,Recife,-8.035650673663868,-34.91715234457464,0,none
100218,2024-02-20 12:04:37,13,178.06,aposta_online,dev_baa80dd4,Manaus,-3.0727519115048776,-59.98497067609112,0,none
100219,2024-02-22 07:17:55,25,397.53,cripto_exchange,dev_5715bd6f,Salvador,-13.006730914376917,-38.535375655657504,0,none
100220,2024-02-22 07:20:47,28,77.89,transporte,dev_2720797d,Manaus,-3.0836311170515467,-59.98792524482905,0,none
100221,2024-02-22 09:08:02,21,6.98,supermercado,dev_7394988f,Porto Alegre,-30.06838795192749,-51.256519996756865,0,none
100222,2024-02-22 13:17:10,11,474.78,transferencia_p2p,dev_a2bc372f,Rio de Janeiro,-22.94612753923342,-43.20293099789141,0,none
100223,2024-02-22 17:29:47,17,302.35,restaurante,dev_366eb16f,Rio de Janeiro,-22.88627843199673,-43.21056487107662,0,none
100224,2024-02-22 20:55:46,14,600.07,supermercado,dev_ece66fa2,Curitiba,-25.397178641155882,-49.23994074891383,0,none
100225,2024-02-23 12:45:44,15,269.6,streaming,dev_c6a7ee39,Rio de Janeiro,-22.935242865490867,-43.18123775869195,0,none
100226,2024-02-23 21:29:13,15,285.61,vestuario,dev_c6a7ee39,Rio de Janeiro,-22.878163711488753,-43.176580024519545,0,none
100227,2024-02-23 23:47:47,13,182.16,viagem,dev_baa80dd4,Manaus,-3.1227064688236745,-60.021435800620154,0,none
100228,2024-02-24 07:18:38,25,174.1,eletronicos,dev_5715bd6f,Salvador,-12.9692587453032,-38.53452698241417,0,none
100229,2024-02-24 08:27:38,24,245.25,posto_combustivel,dev_ae270da7,Brasilia,-15.829740209221788,-47.89720800946585,0,none
100230,2024-02-24 14:33:04,11,582.69,eletronicos,dev_a2bc372f,Rio de Janeiro,-22.898921812057402,-43.24445608891576,0,none
100231,2024-02-25 11:06:58,22,202.17,restaurante,dev_6c12ace8,Recife,-8.08080679430084,-34.89735440145998,0,none
100232,2024-02-25 11:08:24,16,196.39,viagem,dev_448aaa9e,Belo Horizonte,-19.886664579758015,-43.90937998134332,0,none
100233,2024-02-25 16:29:28,7,458.15,transporte,dev_5be6128e,Belo Horizonte,-19.8906264600894,-43.89401679963169,0,none
100234,2024-02-25 20:10:38,1,404.32,eletronicos,dev_680ac07a,Cidade do Mexico,19.43,-99.13,1,account_takeover
100235,2024-02-25 22:07:24,11,582.46,joalheria,dev_a2bc372f,Rio de Janeiro,-22.879121471616582,-43.24983087217814,0,none
100236,2024-02-26 10:17:46,10,1284.79,streaming,dev_37bb3eec,Porto Alegre,-30.058860949789413,-51.19760305657448,1,new_device
100237,2024-02-26 16:26:09,1,62.72,streaming,dev_392456de,Rio de Janeiro,-22.872502769819288,-43.15794790501028,0,none
100238,2024-02-26 20:15:54,7,751.62,vestuario,dev_8dcdcd03,Belo Horizonte,-19.933266504150282,-43.899830378757535,0,none
100239,2024-02-26 21:10:05,23,138.29,joalheria,dev_77d21e02,Fortaleza,-3.757947049370341,-38.566730491314196,0,none
100240,2024-02-26 22:27:53,29,173.14,viagem,dev_00257ad1,Brasilia,-15.76563445578404,-47.8825325563177,0,none
100241,2024-02-26 22:33:39,15,297.22,posto_combustivel,dev_c6a7ee39,Rio de Janeiro,-22.921710642138557,-43.20912306027527,0,none
100242,2024-02-27 02:05:16,7,989.76,joalheria,dev_5be6128e,Belo Horizonte,-19.900312201676293,-43.98596701918913,1,risky_merchant
100243,2024-02-27 09:51:57,2,211.66,vestuario,dev_16419f82,Belo Horizonte,-19.952744108856365,-43.965225627640166,0,none
100244,2024-02-27 13:09:06,9,100.73,supermercado,dev_7914c120,Salvador,-12.933583614963757,-38.50818652566651,0,none
100245,2024-02-27 21:18:02,14,839.61,farmacia,dev_ece66fa2,Curitiba,-25.39970124419063,-49.2745968673593,0,none
100246,2024-02-28 06:46:09,17,313.86,streaming,dev_366eb16f,Rio de Janeiro,-22.871847470872694,-43.223497722045664,0,none
100247,2024-02-28 09:04:34,1,32.46,farmacia,dev_392456de,Rio de Janeiro,-22.85667406220063,-43.16191358263136,0,none
100248,2024-02-28 10:51:29,4,181.4,cripto_exchange,dev_d0e6e660,Curitiba,-25.41045476815306,-49.224996039155684,0,none
100249,2024-02-28 11:52:43,28,84.07,aposta_online,dev_2720797d,Manaus,-3.090983163502252,-60.002788991828304,0,none
100250,2024-02-28 14:19:16,23,143.6,farmacia,dev_77d21e02,Fortaleza,-3.7484452055994013,-38.49571189363609,0,none
100251,2024-02-28 14:45:11,6,158.29,supermercado,dev_27cd8130,Curitiba,-25.41322187775791,-49.24427172497425,0,none
100252,2024-02-28 17:19:52,7,392.99,transferencia_p2p,dev_5be6128e,Belo Horizonte,-19.90399668172514,-43.95015340214352,0,none
100253,2024-02-28 18:26:46,27,491.88,restaurante,dev_e9a1fa6f,Belo Horizonte,-19.90348921369397,-43.952569897656446,0,none
100254,2024-02-28 23:21:34,6,370.4,vestuario,dev_27cd8130,Curitiba,-25.45077358308633,-49.29534808644727,0,none
100255,2024-03-01 07:18:26,30,518.3,posto_combustivel,dev_5cec4eb5,Rio de Janeiro,-22.85216667150759,-43.18541191819028,0,none
100256,2024-03-01 13:54:14,18,270.78,eletronicos,dev_757750a9,Belo Horizonte,-19.878525882618412,-43.93376140504131,0,none
100257,2024-03-01 14:02:48,18,292.39,cripto_exchange,dev_757750a9,Belo Horizonte,-19.883786146953078,-43.98521959657535,0,none
100258,2024-03-01 20:49:23,3,429.08,viagem,dev_3b8faa18,Rio de Janeiro,-22.92784502435817,-43.18848931637156,0,none
100259,2024-03-01 21:28:50,23,87.89,supermercado,dev_77d21e02,Fortaleza,-3.739559887132207,-38.54566948361233,0,none
100260,2024-03-02 08:14:24,5,564.38,restaurante,dev_cf36d58b,Curitiba,-25.43324383103774,-49.290074467258805,0,none
100261,2024-03-02 13:51:51,10,527.68,cripto_exchange,dev_4a15544d,Porto Alegre,-30.072702697449465,-51.27400869670653,0,none
100262,2024-03-02 16:59:15,5,638.04,supermercado,dev_cf36d58b,Curitiba,-25.425326447819355,-49.293300567303575,0,none
100263,2024-03-02 21:15:29,14,687.45,viagem,dev_ece66fa2,Curitiba,-25.377813185006847,-49.269175910840715,0,none
100264,2024-03-03 09:27:23,14,400.45,cripto_exchange,dev_ece66fa2,Curitiba,-25.426451285499233,-49.24662046959866,0,none
100265,2024-03-03 10:12:52,1,66.41,streaming,dev_392456de,Rio de Janeiro,-22.90908656516321,-43.200827411997594,0,none
100266,2024-03-03 22:40:20,22,206.34,joalheria,dev_6c12ace8,Recife,-8.04129952854348,-34.915207536256325,0,none
100267,2024-03-03 23:02:39,25,195.21,restaurante,dev_5715bd6f,Salvador,-12.927907090121971,-38.45025740770438,0,none
100268,2024-03-04 06:23:35,26,412.77,joalheria,dev_f42d47cc,Brasilia,-15.741698804235721,-47.91702287702863,0,none
100269,2024-03-04 07:08:32,5,616.27,joalheria,dev_cf36d58b,Curitiba,-25.38258096259457,-49.27596937902293,0,none
100270,2024-03-04 15:31:01,15,155.75,restaurante,dev_c6a7ee39,Rio de Janeiro,-22.853331336944752,-43.228485557747376,0,none
100271,2024-03-04 23:01:40,4,197.04,viagem,dev_b38a088c,Curitiba,-25.440872801222476,-49.31984356640666,0,none
100272,2024-03-05 11:32:58,9,88.25,restaurante,dev_9e574f7a,Salvador,-12.969233711802238,-38.530108889823524,0,none
100273,2024-03-05 12:36:34,18,317.05,posto_combustivel,dev_757750a9,Belo Horizonte,-19.917965845881522,-43.978375997781534,0,none
100274,2024-03-05 22:35:01,18,458.16,streaming,dev_757750a9,Belo Horizonte,-19.931311867847267,-43.95266976128991,0,none
100275,2024-03-06 06:02:54,24,192.47,supermercado,dev_ae270da7,Brasilia,-15.803602350366875,-47.837977345474,0,none
100276,2024-03-06 10:20:59,29,118.74,joalheria,dev_00257ad1,Brasilia,-15.740938426243885,-47.856068063942644,0,none
100277,2024-03-07 09:18:05,28,91.19,transferencia_p2p,dev_2720797d,Manaus,-3.059469379102176,-60.05526513440084,0,none
100278,2024-03-07 14:10:23,17,441.3,posto_combustivel,dev_366eb16f,Rio de Janeiro,-22.93819432797176,-43.16001025734145,0,none
100279,2024-03-07 20:00:00,8,579.68,aposta_online,dev_f91e1d4c,Curitiba,-25.371184509053574,-49.277768606622494,0,none
100280,2024-03-07 23:37:44,24,50.01,joalheria,dev_ae270da7,Brasilia,-15.800886583132248,-47.852765776753756,0,none
100281,2024-03-08 06:42:52,21,68.82,viagem,dev_3da9c2a9,Porto Alegre,-30.06964134980818,-51.192187303502635,0,none
100282,2024-03-08 12:24:26,3,376.01,transporte,dev_3b8faa18,Rio de Janeiro,-22.918836263029576,-43.21756171079216,0,none
100283,2024-03-08 22:58:17,12,583.06,posto_combustivel,dev_b3aa7efe,Porto Alegre,-29.98558121839028,-51.18326159238332,0,none
100284,2024-03-09 08:06:49,29,98.9,farmacia,dev_00257ad1,Brasilia,-15.77873220976867,-47.873677970779234,0,none
100285,2024-03-09 10:08:42,25,214.35,transporte,dev_5715bd6f,Salvador,-12.932756695891475,-38.50768620597991,0,none
100286,2024-03-09 12:23:27,30,260.68,restaurante,dev_5cec4eb5,Rio de Janeiro,-22.883661252373443,-43.237537468433565,0,none
100287,2024-03-09 15:10:49,8,432.31,transporte,dev_f91e1d4c,Curitiba,-25.4586789004708,-49.308579334864106,0,none
100288,2024-03-09 22:59:58,13,199.42,aposta_online,dev_baa80dd4,Manaus,-3.070927908295074,-60.034047050698376,0,none
100289,2024-03-09 23:39:09,21,32.72,eletronicos,dev_dc713d96,Porto Alegre,-30.028869530170468,-51.25968025060421,0,none
100290,2024-03-10 11:48:30,12,911.44,transferencia_p2p,dev_b3aa7efe,Porto Alegre,-30.073246743072726,-51.25378147228379,0,none
100291,2024-03-10 12:45:19,7,400.48,streaming,dev_5be6128e,Belo Horizonte,-19.918242415896444,-43.97789958041317,0,none
100292,2024-03-10 17:34:52,25,174.84,transferencia_p2p,dev_5715bd6f,Salvador,-12.975863342027104,-38.52814580649899,0,none
100293,2024-03-10 21:11:58,5,353.34,viagem,dev_cf36d58b,Curitiba,-25.386093150640505,-49.3125669588557,0,none
100294,2024-03-10 22:02:42,25,278.23,vestuario,dev_5715bd6f,Salvador,-13.004574723867888,-38.53191540328313,0,none
100295,2024-03-10 22:31:56,21,102.14,posto_combustivel,dev_dc713d96,Porto Alegre,-30.06071886017262,-51.26873532389798,0,none
100296,2024-03-11 07:29:05,27,452.53,vestuario,dev_e9a1fa6f,Belo Horizonte,-19.872981527319144,-43.949582494299925,0,none
100297,2024-03-11 11:49:08,25,140.11,streaming,dev_5715bd6f,Salvador,-13.014458714998224,-38.5375838879361,0,none
100298,2024-03-11 12:37:13,27,385.42,farmacia,dev_e9a1fa6f,Belo Horizonte,-19.89113562457224,-43.93040183648255,0,none
100299,2024-03-11 19:18:09,9,138.32,farmacia,dev_9e574f7a,Salvador,-12.963021048729598,-38.52542699836246,0,none
100300,2024-03-11 21:48:34,23,139.74,transferencia_p2p,dev_77d21e02,Fortaleza,-3.71196580800806,-38.51041855344688,0,none
100301,2024-03-11 23:24:29,11,679.08,vestuario,dev_66245bfa,Rio de Janeiro,-22.926119445583375,-43.21170291510704,0,none
100302,2024-03-12 06:33:12,9,86.22,restaurante,dev_9e574f7a,Salvador,-12.971142215315123,-38.47418353465175,0,none
100303,2024-03-12 07:37:35,5,261.71,viagem,dev_cf36d58b,Curitiba,-25.428919136707787,-49.23263926277657,0,none
100304,2024-03-12 16:58:39,29,175.86,farmacia,dev_00257ad1,Brasilia,-15.793573246367732,-47.85989228345291,0,none
100305,2024-03-12 17:05:50,28,79.73,streaming,dev_2720797d,Manaus,-3.137641126323651,-60.0331414341384,0,none
100306,2024-03-12 21:09:12,26,83.49,eletronicos,dev_ce88cb2d,Brasilia,-15.782081970918373,-47.87578047986258,0,none
100307,2024-03-12 22:08:24,14,361.61,farmacia,dev_ece66fa2,Curitiba,-25.40532941484521,-49.22777738954888,0,none
100308,2024-03-12 23:01:38,14,354.93,cripto_exchange,dev_ece66fa2,Curitiba,-25.44267296112873,-49.2437590482019,0,none
100309,2024-03-13 06:05:41,19,77.56,streaming,dev_89fa6a68,Brasilia,-15.821827097348656,-47.90398436860807,0,none
100310,2024-03-13 07:27:42,19,174.79,posto_combustivel,dev_89fa6a68,Brasilia,-15.754908629421138,-47.83739580482184,0,none
100311,2024-03-13 07:35:29,15,197.5,cripto_exchange,dev_c6a7ee39,Rio de Janeiro,-22.910405129004673,-43.16835467740669,0,none
100312,2024-03-13 07:52:55,27,428.04,supermercado,dev_e9a1fa6f,Belo Horizonte,-19.905854626617565,-43.93232287685226,0,none
100313,2024-03-13 11:23:10,28,54.25,eletronicos,dev_2720797d,Manaus,-3.0825879568436902,-60.05846663964659,0,none
100314,2024-03-13 12:37:34,4,145.32,posto_combustivel,dev_310c0c00,Curitiba,-25.423837777716688,-49.2491632948744,0,none
100315,2024-03-13 16:55:40,22,169.34,vestuario,dev_6c12ace8,Recife,-8.053107891647363,-34.88686148799746,0,none
100316,2024-03-14 02:10:43,28,295.01,joalheria,dev_2720797d,Manaus,-3.1466587213464763,-60.06799220016695,1,risky_merchant
100317,2024-03-14 06:48:43,22,164.18,eletronicos,dev_6c12ace8,Recife,-8.082480927206204,-34.898103615901235,0,none
100318,2024-03-14 09:51:55,3,324.9,viagem,dev_3b8faa18,Rio de Janeiro,-22.930292572485243,-43.23860450292948,0,none
100319,2024-03-14 15:30:30,1,59.53,transporte,dev_392456de,Rio de Janeiro,-22.94486232828164,-43.15589364032319,0,none
100320,2024-03-14 15:44:18,12,422.65,supermercado,dev_b3aa7efe,Porto Alegre,-30.023407098304432,-51.211420050726595,0,none
100321,2024-03-14 18:27:11,5,603.77,transporte,dev_cf36d58b,Curitiba,-25.405473990492005,-49.220010044743695,0,none
100322,2024-03-15 06:54:56,13,132.65,transferencia_p2p,dev_baa80dd4,Manaus,-3.0557258342565903,-60.04013873476276,0,none
100323,2024-03-15 17:30:35,22,92.51,viagem,dev_6c12ace8,Recife,-8.02540645632864,-34.91692087028041,0,none
100324,2024-03-15 21:05:57,7,436.89,viagem,dev_5be6128e,Belo Horizonte,-19.924656769982022,-43.93867521567984,0,none
100325,2024-03-16 16:32:53,10,598.14,viagem,dev_4a15544d,Porto Alegre,-30.023707573935546,-51.232510740000194,0,none
100326,2024-03-16 19:19:36,10,808.98,joalheria,dev_4a15544d,Porto Alegre,-30.005991069451547,-51.18524097996746,0,none
100327,2024-03-16 19:24:00,15,210.98,aposta_online,dev_c6a7ee39,Rio de Janeiro,-22.87476745046395,-43.16912702113688,0,none
100328,2024-03-17 07:39:05,19,178.21,streaming,dev_89fa6a68,Brasilia,-15.813923430439635,-47.86302740252302,0,none
100329,2024-03-17 07:56:27,3,347.46,aposta_online,dev_3b8faa18,Rio de Janeiro,-22.947413510761166,-43.22710755842782,0,none
100330,2024-03-17 08:56:03,19,111.51,posto_combustivel,dev_89fa6a68,Brasilia,-15.835023750756703,-47.92184184724681,0,none
100331,2024-03-17 15:49:44,20,521.63,supermercado,dev_ff50bde4,Curitiba,-25.409307313032805,-49.301135347673416,0,none
100332,2024-03-17 21:16:41,1,61.87,transferencia_p2p,dev_392456de,Rio de Janeiro,-22.891647672295235,-43.23294879382534,0,none
100333,2024-03-18 10:55:16,7,275.88,supermercado,dev_5be6128e,Belo Horizonte,-19.91454592545756,-43.97974102682516,0,none
100334,2024-03-18 12:25:58,23,83.41,farmacia,dev_77d21e02,Fortaleza,-3.741933825562708,-38.51663498725838,0,none
100335,2024-03-18 13:45:10,21,47.54,eletronicos,dev_dc713d96,Porto Alegre,-30.070679079871848,-51.180774286060476,0,none
100336,2024-03-19 13:14:08,12,365.34,transporte,dev_b3aa7efe,Porto Alegre,-29.98111620381047,-51.242637515801306,0,none
100337,2024-03-19 18:52:27,6,252.56,viagem,dev_27cd8130,Curitiba,-25.403074414659006,-49.30152187989527,0,none
100338,2024-03-20 11:46:28,23,99.27,supermercado,dev_77d21e02,Fortaleza,-3.7080414326209348,-38.47304113965914,0,none
100339,2024-03-20 18:09:52,21,217.81,cripto_exchange,dev_dc713d96,Porto Alegre,-29.98517948292157,-51.26901044786663,0,none
100340,2024-03-21 10:58:26,7,473.16,joalheria,dev_5be6128e,Belo Horizonte,-19.961331196653404,-43.97995348875224,0,none
100341,2024-03-21 12:16:42,7,426.3,restaurante,dev_5be6128e,Belo Horizonte,-19.914800775442227,-43.97434673845569,0,none
100342,2024-03-22 03:43:01,13,1.72,streaming,dev_baa80dd4,Manaus,-3.062951922808154,-60.01131197515776,1,card_testing
100343,2024-03-22 03:43:11,13,2.5,streaming,dev_baa80dd4,Manaus,-3.1113434329259015,-60.05370925944014,1,card_testing
100344,2024-03-22 03:43:16,13,1.38,streaming,dev_baa80dd4,Manaus,-3.089885804950547,-60.069153627288514,1,card_testing
100345,2024-03-22 03:43:23,13,0.57,streaming,dev_baa80dd4,Manaus,-3.1230916420731045,-60.02904928035045,1,card_testing
100346,2024-03-22 03:43:57,13,1.38,streaming,dev_baa80dd4,Manaus,-3.1123524547729,-60.03512908007279,1,card_testing
100347,2024-03-22 03:44:36,13,2.29,streaming,dev_baa80dd4,Manaus,-3.110284746002788,-60.05976878970314,1,card_testing
100348,2024-03-22 03:44:37,13,3.96,streaming,dev_baa80dd4,Manaus,-3.1391895469414157,-60.06361629461029,1,card_testing
100349,2024-03-22 06:21:00,12,584.79,transferencia_p2p,dev_b3aa7efe,Porto Alegre,-30.007278496095903,-51.269605098064844,0,none
100350,2024-03-22 06:44:10,2,1.0,restaurante,dev_16419f82,Belo Horizonte,-19.90550927580567,-43.956872938300776,0,none
100351,2024-03-22 14:32:31,22,79.8,eletronicos,dev_6c12ace8,Recife,-8.057642422743628,-34.922331977602774,0,none
100352,2024-03-22 19:18:07,23,143.63,streaming,dev_080aadfb,Fortaleza,-3.762812681942193,-38.47523856906733,0,none
100353,2024-03-23 06:03:50,7,470.22,vestuario,dev_0f1259e0,Belo Horizonte,-19.89130219000237,-43.969479442485714,0,none
100354,2024-03-23 11:37:37,17,463.14,posto_combustivel,dev_366eb16f,Rio de Janeiro,-22.87793672315627,-43.18948610921382,0,none
100355,2024-03-23 16:07:18,25,302.91,streaming,dev_5715bd6f,Salvador,-12.924618407247893,-38.46241470596218,0,none
100356,2024-03-23 18:50:33,12,271.01,vestuario,dev_b3aa7efe,Porto Alegre,-30.05001115055646,-51.26161210212527,0,none
100357,2024-03-24 07:48:01,25,160.7,farmacia,dev_5715bd6f,Salvador,-12.957866434341385,-38.52614550581111,0,none
100358,2024-03-24 09:53:31,14,487.04,joalheria,dev_1064005c,Curitiba,-25.44202598599142,-49.250971933625245,0,none
100359,2024-03-24 16:16:48,18,171.27,transporte,dev_757750a9,Belo Horizonte,-19.8967227762975,-43.9547823831668,0,none
100360,2024-03-24 17:07:11,5,474.71,viagem,dev_cf36d58b,Curitiba,-25.397214185909387,-49.29773097840338,0,none
100361,2024-03-25 10:45:27,9,122.48,transferencia_p2p,dev_9e574f7a,Salvador,-12.920929938556304,-38.502076530022734,0,none
100362,2024-03-25 11:07:00,24,230.98,aposta_online,dev_ae270da7,Brasilia,-15.823616736906459,-47.83469837982453,0,none
100363,2024-03-25 19:31:38,15,293.11,transporte,dev_c6a7ee39,Rio de Janeiro,-22.87450568563316,-43.23861824918898,0,none
100364,2024-03-25 20:38:30,27,639.91,restaurante,dev_2a25a888,Lisboa,38.72,-9.13,1,impossible_travel
100365,2024-03-25 22:19:29,24,242.71,cripto_exchange,dev_ae270da7,Brasilia,-15.792101808900163,-47.889838274548744,0,none
100366,2024-03-26 07:48:00,27,608.35,streaming,dev_e9a1fa6f,Belo Horizonte,-19.946856660792257,-43.919283043629655,0,none
100367,2024-03-26 09:36:13,16,287.06,transporte,dev_448aaa9e,Belo Horizonte,-19.95322108566322,-43.92927525061091,0,none
100368,2024-03-26 09:54:10,11,544.65,vestuario,dev_a2bc372f,Rio de Janeiro,-22.921178220463855,-43.155480646043685,0,none
100369,2024-03-26 18:43:47,14,186.8,posto_combustivel,dev_ece66fa2,Curitiba,-25.386627483069596,-49.289612505073165,0,none
100370,2024-03-26 22:05:41,5,317.91,cripto_exchange,dev_cf36d58b,Curitiba,-25.468176946220847,-49.28911339299361,0,none
100371,2024-03-27 07:50:40,11,639.41,cripto_exchange,dev_a2bc372f,Rio de Janeiro,-22.94054940524849,-43.182162065515996,0,none
100372,2024-03-27 11:01:09,26,280.64,joalheria,dev_f42d47cc,Brasilia,-15.833276663693788,-47.85214846264932,0,none
100373,2024-03-27 14:37:24,24,205.23,cripto_exchange,dev_ae270da7,Brasilia,-15.81661780977884,-47.92749753503536,0,none
100374,2024-03-27 18:48:21,21,154.99,transferencia_p2p,dev_dc713d96,Porto Alegre,-30.07013934414183,-51.25779989204505,0,none
100375,2024-03-27 23:10:04,10,443.64,transporte,dev_5f987c71,Porto Alegre,-30.050084575087624,-51.183797092717654,0,none
100376,2024-03-28 16:42:22,3,408.15,aposta_online,dev_3b8faa18,Rio de Janeiro,-22.920963771722217,-43.22000433217633,0,none
100377,2024-03-28 21:04:05,5,837.38,restaurante,dev_cf36d58b,Curitiba,-25.395541103080813,-49.282735314062414,0,none
100378,2024-03-28 22:59:57,13,112.52,aposta_online,dev_baa80dd4,Manaus,-3.0861288674800615,-59.975936437625414,0,none
100379,2024-03-29 10:34:02,3,379.3,vestuario,dev_3b8faa18,Rio de Janeiro,-22.945817114183114,-43.213534848467276,0,none
100380,2024-03-29 11:12:13,25,407.06,aposta_online,dev_5715bd6f,Salvador,-12.961041309403921,-38.473979210462694,0,none
100381,2024-03-29 17:05:27,15,148.28,restaurante,dev_c6a7ee39,Rio de Janeiro,-22.90995501836839,-43.242135291251714,0,none
100382,2024-03-29 18:41:05,20,427.85,vestuario,dev_ff50bde4,Curitiba,-25.43833388460666,-49.2481282574777,0,none
100383,2024-03-29 22:09:22,19,155.63,supermercado,dev_89fa6a68,Brasilia,-15.798402457147429,-47.833827213432,0,none
100384,2024-03-30 09:54:41,26,127.11,cripto_exchange,dev_f42d47cc,Brasilia,-15.75119089780115,-47.888618642882314,0,none
100385,2024-03-30 16:20:28,13,155.67,eletronicos,dev_baa80dd4,Manaus,-3.129728737372077,-59.992006301753115,0,none
100386,2024-03-30 19:37:33,26,2872.24,transferencia_p2p,dev_f42d47cc,Brasilia,-15.825035768040864,-47.873340607294494,1,high_amount
100387,2024-03-30 20:20:04,24,206.88,eletronicos,dev_ae270da7,Brasilia,-15.828491473330121,-47.84508199919531,0,none
100388,2024-03-30 21:40:11,15,177.29,transferencia_p2p,dev_c6a7ee39,Rio de Janeiro,-22.872380960029655,-43.20423204225527,0,none
100389,2024-03-31 11:50:23,6,273.09,viagem,dev_27cd8130,Curitiba,-25.449901962882233,-49.30611231279617,0,none
100390,2024-03-31 21:40:46,27,2917.02,transferencia_p2p,dev_e9a1fa6f,Belo Horizonte,-19.949031571559953,-43.92068239236787,1,high_amount
100391,2024-03-31 22:22:36,1,2.4,streaming,dev_392456de,Rio de Janeiro,-22.868959883688667,-43.15296122916622,1,card_testing
100392,2024-03-31 22:22:46,1,3.31,streaming,dev_392456de,Rio de Janeiro,-22.91592409557332,-43.23225401273461,1,card_testing
100393,2024-03-31 22:22:46,1,2.34,streaming,dev_392456de,Rio de Janeiro,-22.926737664191673,-43.22811910583084,1,card_testing
100394,2024-03-31 22:23:21,1,0.89,streaming,dev_392456de,Rio de Janeiro,-22.879530365826767,-43.23583473356488,1,card_testing
100395,2024-03-31 22:23:24,1,2.48,streaming,dev_a6f2f7b8,Rio de Janeiro,-22.853246831438405,-43.2279104749563,1,card_testing
100396,2024-03-31 22:23:40,1,1.68,streaming,dev_392456de,Rio de Janeiro,-22.883786044720114,-43.19139833368284,1,card_testing
100397,2024-03-31 22:23:51,1,2.21,streaming,dev_392456de,Rio de Janeiro,-22.90631316170704,-43.186073400854575,1,card_testing
100398,2024-03-31 22:24:06,1,1.57,streaming,dev_392456de,Rio de Janeiro,-22.891104984421688,-43.23246483700098,1,card_testing
100399,2024-03-31 22:24:14,1,1.87,streaming,dev_392456de,Rio de Janeiro,-22.85512118957787,-43.155130184015015,1,card_testing
100400,2024-03-31 22:25:36,1,1.09,streaming,dev_392456de,Rio de Janeiro,-22.92620040748506,-43.151762034505964,1,card_testing
